<?xml version="1.0" encoding="UTF-8"?>
<!--
 ! Excerpted from "Code in the Cloud",
 ! published by The Pragmatic Bookshelf.
 ! Copyrights apply to this code. It may not be used to create training material, 
 ! courses, books, articles, and the like. Contact us if you are in doubt.
 ! We make no guarantees that this code is fit for any purpose. 
 ! Visit http://www.pragmaticprogrammer.com/titles/mcappe for more book information.
-->
<cronentries>
	<cron>
	   <url>/report?to=markcc@gmail.com</url>
	   <description>Generate a daily chat usage report.</description>
	   <schedule>every day 00:00</schedule>
	</cron>
</cronentries>
