<?xml version="1.0" encoding="utf-8"?>
<!--
 ! Excerpted from "Code in the Cloud",
 ! published by The Pragmatic Bookshelf.
 ! Copyrights apply to this code. It may not be used to create training material, 
 ! courses, books, articles, and the like. Contact us if you are in doubt.
 ! We make no guarantees that this code is fit for any purpose. 
 ! Visit http://www.pragmaticprogrammer.com/titles/mcappe for more book information.
-->
<jdoconfig xmlns="http://java.sun.com/xml/ns/jdo/jdoconfig"
   xmlns:xsi="http://www.w3.org/2001/XMLSchema-instance"
   xsi:noNamespaceSchemaLocation="http://java.sun.com/xml/ns/jdo/jdoconfig">

   <persistence-manager-factory name="transactions-optional">
       <property name="javax.jdo.PersistenceManagerFactoryClass"
           value="org.datanucleus.store.appengine.jdo.DatastoreJDOPersistenceManagerFactory"/>
       <property name="javax.jdo.option.ConnectionURL" value="appengine"/>
       <property name="javax.jdo.option.NontransactionalRead" value="true"/>
       <property name="javax.jdo.option.NontransactionalWrite" value="true"/>
       <property name="javax.jdo.option.RetainValues" value="true"/>
       <property name="datanucleus.appengine.autoCreateDatastoreTxns" value="true"/>
   </persistence-manager-factory>
</jdoconfig>
