<?xml version="1.0" encoding="utf-8"?>
<!--
 ! Excerpted from "Code in the Cloud",
 ! published by The Pragmatic Bookshelf.
 ! Copyrights apply to this code. It may not be used to create training material, 
 ! courses, books, articles, and the like. Contact us if you are in doubt.
 ! We make no guarantees that this code is fit for any purpose. 
 ! Visit http://www.pragmaticprogrammer.com/titles/mcappe for more book information.
-->
<appengine-web-app xmlns="http://appengine.google.com/ns/1.0">
  <application>markcc-java-chat</application>
  <version>1</version>

  <!-- Configure serving/caching of GWT files -->
  <static-files>
    <include path="**" />

    <!-- The following line requires App Engine 1.3.2 SDK -->
    <include path="**.nocache.*" expiration="0s" />

    <include path="**.cache.*" expiration="365d" />
    <exclude path="**.gwt.rpc" />
  </static-files>

  <!-- Configure java.util.logging -->
  <system-properties>
    <property name="java.util.logging.config.file" value="WEB-INF/logging.properties"/>
  </system-properties>

</appengine-web-app>